Silje, Silje@example.com
Deeda, Deeda@example.com
Gülhan, Gülhan@example.com
Mansha, Mansha@example.com
Marielouise, Marielouise@example.com
Mehar, Mehar@example.com
Eloh, Eloh@example.com
Chong, Chong@example.com
Silver, Silver@example.com
Nadine, Nadine@example.com
Nihad, Nihad@example.com
Okai, Okai@example.com
Jiravate, Jiravate@example.com
Altamash, Altamash@example.com
Hyen, Hyen@example.com
Janneth, Janneth@example.com
Thin, Thin@example.com
Mufida, Mufida@example.com
Wincenty, Wincenty@example.com
Stellamona, Stellamona@example.com
Cita, Cita@example.com
Johni, Johni@example.com
Menissia, Menissia@example.com
Fabioola, Fabioola@example.com
Jahkeem, Jahkeem@example.com
Atheer, Atheer@example.com
Selin, Selin@example.com
Kriss, Kriss@example.com
Prissana, Prissana@example.com
Rajkumari, Rajkumari@example.com
Sinza, Sinza@example.com
Mijbel, Mijbel@example.com
Nokthula, Nokthula@example.com
Cherie, Cherie@example.com
Andreah, Andreah@example.com
Rørhree, Rørhree@example.com
Vigjas, Vigjas@example.com
Naadom, Naadom@example.com
Adwan, Adwan@example.com
Yassin, Yassin@example.com
Ousama, Ousama@example.com
Sollvveig, Sollvveig@example.com
Huntley, Huntley@example.com
Syaura, Syaura@example.com
Ajai, Ajai@example.com
Angse, Angse@example.com
Halid, Halid@example.com
Trojan, Trojan@example.com
Addison, Addison@example.com
Uve, Uve@example.com
Sarkout, Sarkout@example.com
Bayazid, Bayazid@example.com
Gadir, Gadir@example.com
Annbrit, Annbrit@example.com
Shamara, Shamara@example.com
Aysela, Aysela@example.com
Mathias, Mathias@example.com
Mettemei, Mettemei@example.com
Manahel, Manahel@example.com
Robbie, Robbie@example.com
Cikas, Cikas@example.com
Rasmusjakob, Rasmusjakob@example.com
Vitaliivna, Vitaliivna@example.com
Carl-Christian, Carl-Christian@example.com
Bahati, Bahati@example.com
Mailo, Mailo@example.com
Suah, Suah@example.com
Ceyhun, Ceyhun@example.com
Mahtob, Mahtob@example.com
Zitao, Zitao@example.com
